

INSERT INTO `mini_finca` (`id`, `nombre_mini_finca`) VALUES
(1, 'Mini 1'),
(2, 'Mini 2'),
(3, 'Mini 3'),
(4, 'Mini 4'),
(5, 'Mini 5'),
(6, 'Mini 6'),
(7, 'Mini 7'),
(8, 'Mini 8');




INSERT INTO `seccion_mini_finca` (`id`, `nombre_seccion_mini_finca`, `id_mini_finca`) VALUES
(1, 'A1', 1),
(2, 'A2', 1),
(3, 'A3', 1),
(4, 'A4', 1),
(5, 'A5', 1),
(6, 'A6', 1),
(7, 'A7', 1),
(8, 'A8', 1),
(9, 'A9', 2),
(10, 'A10', 2),
(11, 'A11', 2),
(12, 'A12', 2),
(13, 'A13', 2),
(14, 'A14', 2),
(15, 'A15', 2),
(16, 'A16', 3),
(17, 'A17', 3),
(18, 'A18', 3),
(19, 'A19', 3),
(20, 'B14', 3),
(21, 'B15', 3),
(22, 'B16', 3),
(23, 'B17', 3),
(24, 'B18', 3),
(25, 'B7', 4),
(26, 'B8', 4),
(27, 'B9', 4),
(28, 'B10', 4),
(29, 'B11', 4),
(30, 'B12', 4),
(31, 'B13', 4),
(32, 'C12', 4),
(33, 'C13', 4),
(34, 'D8', 5),
(35, 'D9', 5),
(36, 'D10', 5),
(37, 'D11', 5),
(38, 'D12', 5),
(39, 'D13', 5),
(40, 'D14', 5),
(41, 'D15', 5),
(42, 'D16', 5),
(43, 'C13', 6),
(44, 'C14', 6),
(45, 'C15', 6),
(46, 'C16', 6),
(47, 'C17', 6),
(48, 'C18', 6),
(49, 'C19', 6),
(50, 'E2', 7),
(51, 'E3', 7),
(52, 'E4', 7),
(53, 'E5', 7),
(54, 'E6', 7),
(55, 'E7', 7),
(56, 'E8', 7),
(57, 'E9', 7),
(58, 'E10', 7),
(59, 'E11', 7),
(60, 'D7', 7),
(61, 'F1', 8),
(62, 'F2', 8),
(63, 'F3', 8),
(64, 'F4', 8),
(65, 'F5', 8),
(66, 'G1', 8),
(67, 'G2', 8),
(68, 'G3', 8),
(69, 'G4', 8),
(70, 'G5', 8),
(71, 'G6', 8);


INSERT INTO `aerista` (`id`, `nombre1`, `nombre2`, `apellido1`, `apellido2`, `direccion`, `telefono`) VALUES
(1, 'Miguel', 'Angel', 'Archila', 'Garcia', 'Quirigua', '55801894'),
(2, 'Marco', 'Antonio', 'Villagran', 'Sagastume', 'Morales', '45885644'),
(3, 'Mario', 'David', 'Castanieda', 'Lopez', 'Zacapa', '55884422'),
(4, 'Juan', 'David', 'Lopez', 'Murin', 'Chiquimula', '44226688'),
(5, 'Luis', 'Arturo', 'Morales', 'Quijada', 'Barrios', '44117788'),
(6, 'Jorge', 'Mario', 'Rosales', 'Espino', 'Gualan', '55442578'),
(7, 'Marcelo', 'Oliverio', 'Chinchilla', 'Lopez', 'Morales', '46248945'),
(8, 'Giovany', 'Roberto', 'Fonseca', 'Godoy', 'Morales', '48524555');

INSERT INTO `viaje` (`id`, `numero_viaje`, `id_aerista`, `id_mini_finca`, `id_seccion_mini_finca`, `amarillo`, `negro`, `rojo`, `verde`, `morado`, `cafe`, `naranja`, `azul`, `created_at`) VALUES
(1, 1, 1, 2, 9, 5, 1, 1, 0, 0, 0, 0, 0, '2019-09-12 20:15:00'),
(2, 2, 7, 4, 25, 1, 1, 1, 0, 2, 1, 1, 2, '2019-09-14 10:13:25'),
(3, 1, 5, 8, 61, 2, 2, 0, 0, 0, 0, 0, 0, '2019-09-15 16:10:49'),
(4, 2, 4, 4, 31, 2, 0, 0, 0, 0, 1, 0, 2, '2019-09-15 16:39:24'),
(5, 2, 4, 4, 25, 1, 1, 0, 0, 0, 0, 0, 0, '2019-09-20 07:27:39'),
(6, 2, 4, 4, 25, 1, 1, 0, 0, 0, 0, 0, 0, '2019-09-20 07:33:07'),
(7, 2, 4, 4, 25, 2, 1, 0, 0, 0, 0, 0, 0, '2019-09-20 14:33:07'),
(8, 5, 3, 4, 28, 2, 0, 0, 0, 2, 0, 0, 2, '2019-09-28 15:30:48');
